<?xml version="1.0" encoding="UTF-8"?>
<project-private xmlns="http://www.netbeans.org/ns/project-private/1">
    <editor-bookmarks xmlns="http://www.netbeans.org/ns/editor-bookmarks/2" lastBookmarkId="0"/>
    <open-files xmlns="http://www.netbeans.org/ns/projectui-open-files/2">
        <group>
            <file>file:/home/giulio/Documenti/Didattica/Scuola/Didattica/Informatica/github_repo/programming/Java/NetBeans%20Projects/OOP_Esempio_14_InterfacceWebMarket/src/interfaccewebmarket/MainWebMarket.java</file>
            <file>file:/home/giulio/Documenti/Didattica/Scuola/Didattica/Informatica/github_repo/programming/Java/NetBeans%20Projects/OOP_Esempio_14_InterfacceWebMarket/src/negozio/MouseNuovo.java</file>
        </group>
    </open-files>
</project-private>
